Numero,Nombre,Apellido,Email,Genero.
1,Mauricio,Lovo,mauri19@gmail.com.,Hombre.
2,Patricia,Bonilla,paty23@gmail.com,Mujer.
3,Olag,Resun,oresund@php.net,Hombre.
4,Immanuel,Housecroft,ihousecrofte@blogspot.com,Hombre.
5,Lisseth,Bonilla,lisseth21@gmail.com,Mujer.
6,Ferdinande,Holehouse,fholehouseg@free.fr,Mujer.
7,Dorisa,Cowely,dcowelyh@i2i.jp,Mujer.
8,Lane,Dunnett,ldunnetti@phpbb.com,Mujer.
9,Levi,Fawks,lfawksj@tuttocitta.it,Hombre.
10,Hubert,Lewton,hlewtonk@storify.com,Hombre.
11,Conway,Bernet,cbernetl@omniture.com,Hombre.
12,Jerry,Tippler,jtipplerm@intel.com,Hombre.
13,Ambrose,Bedell,abedelln@seesaa.net,Hombre.
14,Dedie,Muccino,dmuccinoo@delicious.com,Mujer.
15,Lucio,Gauvin,lgauvinp@squidoo.com,Hombre.
16,Padraic,Brasier,pbrasierq@devhub.com,Hombre.
17,Ulrich,Gledstane,ugledstaner@home.pl,Hombre.
18,Burlie,Vuitte,bvuittes@mozilla.org,Hombre.
19,Jermaine,Francescozzi,jfrancescozzit@house.gov,Hombre.
20,Alane,Kilgrove,akilgroveu@nytimes.com,Mujer.
21,Cleo,Yuryatin,cyuryatinv@mit.edu,Mujer.
22,Alaric,Grayne,agraynew@mlb.com,Hombre.
23,Jarad,Pindred,jpindredx@netlog.com,Mujer.
24,Arlena,Marti,amartiy@drupal.org,Mujer.
